月份,甲乙丙类总计,甲乙类传染病合计,鼠疫,霍乱,传染性非典型肺炎,艾滋病,病毒性肝炎,甲型肝炎,乙型肝炎,丙型肝炎,丁型肝炎,戊型肝炎,未分型肝炎,脊髓灰质炎,人感染高致病性禽流感,甲型H1N1流感,麻疹,流行性出血热,狂犬病,流行性乙型脑炎,登革热,炭疽,细菌性和阿米巴性痢疾,肺结核,伤寒和副伤寒,流行性脑脊髓膜炎,百日咳,白喉,新生儿破伤风,猩红热,布鲁氏菌病,淋病,梅毒,钩端螺旋体病,血吸虫病,疟疾,人感染H7N9禽流感,新型冠状病毒肺炎,丙类传染病合计,流行性感冒,流行性腮腺炎,风疹,急性出血性结膜炎,麻风病,斑疹伤寒,黑热病,包虫病,丝虫病,其他感染性腹泻病,手足口病
2008-01,,567,0,0,0,102,76,0,60,12,,2,2,0,0,,18,5,148,0,0,0,3,183,0,10,0,0,9,0,0,0,12,0,0,1,,,4,,,,,,,,,,,
2008-02,,662,0,0,0,198,100,1,84,7,,2,6,0,3,,18,6,139,0,0,0,6,147,0,20,0,0,16,0,0,0,6,0,0,3,,,6,,,,,,,,,,,
2008-03,,747,0,0,0,260,101,2,83,12,,2,2,0,0,,11,2,151,0,0,0,5,176,1,19,0,0,9,0,0,1,11,0,0,0,,,6,,,,,,,,,,,
2008-04,,953,0,0,0,442,93,1,75,10,,3,4,0,0,,17,7,141,0,0,0,4,203,1,19,0,0,15,0,0,1,10,0,0,0,,,2,,,,,,,,,,,
2008-05,,962,0,0,0,450,69,1,51,11,,2,4,0,0,,14,8,172,1,0,0,5,210,2,9,1,0,11,0,0,0,7,1,0,2,,,48,,,,,,,,,,,
2008-06,,942,0,0,0,396,76,1,57,7,,4,7,0,0,,7,10,224,5,0,0,2,188,1,5,0,0,20,0,1,0,3,0,0,4,,,20,,,,,,,,,,,
2008-07,,985,0,0,0,372,93,1,73,11,,1,7,0,0,,2,4,239,33,0,1,5,207,0,2,0,0,13,0,0,0,6,5,0,3,,,24,,,,,,,,,,,
2008-08,,1014,0,0,0,400,98,0,73,17,,2,6,0,0,,3,6,213,54,0,0,9,200,0,4,0,0,19,0,0,0,4,3,0,1,,,9,,,,,,,,,,,
2008-09,,939,2,0,0,395,86,2,69,3,,3,9,0,0,,1,8,207,23,0,0,5,186,2,0,0,0,13,0,0,0,5,3,0,3,,,10,,,,,,,,,,,
2008-10,,1027,0,0,0,377,123,2,101,14,,3,3,0,0,,1,8,255,12,0,0,6,197,0,5,0,0,22,0,0,0,13,5,0,3,,,14,,,,,,,,,,,
2008-11,,884,0,0,0,317,99,0,86,6,,3,4,0,0,,5,22,209,6,0,0,5,195,0,5,0,0,14,0,0,0,6,1,0,0,,,13,,,,,,,,,,,
2008-12,,1235,0,0,0,457,126,2,94,22,,3,5,0,1,,11,22,283,2,0,0,3,283,1,9,0,0,30,0,0,0,5,0,0,2,,,13,,,,,,,,,,,
2009-01,,593,0,0,0,267,62,0,42,18,,1,1,0,4,,5,9,95,1,0,0,1,117,0,16,0,0,5,0,0,1,9,0,0,1,,,10,,,,,,,,,,,
2009-02,,827,0,0,0,335,99,2,74,16,,1,6,0,0,,6,9,154,2,0,0,1,174,2,22,0,0,11,0,1,1,8,0,0,2,,,11,,,,,,,,,,,
2009-03,1144,1109,0,0,0,419,85,3,70,9,,1,2,0,0,,4,7,130,1,0,0,3,424,0,15,0,0,12,0,0,1,8,0,0,0,,,35,0,1,0,0,0,0,0,0,0,3,31
2009-04,1124,1053,0,0,0,369,98,2,75,12,,5,4,0,0,0,9,5,134,1,0,0,0,409,1,12,0,0,13,0,0,0,2,0,0,0,,,71,0,0,0,0,1,0,0,0,0,5,65
2009-05,1015,954,0,0,0,340,88,3,70,10,,3,2,0,0,0,7,5,154,0,0,0,2,340,0,5,0,0,8,0,0,0,3,0,0,2,,,61,0,0,0,0,0,0,0,0,0,2,59
2009-06,1189,1139,0,0,0,435,74,1,55,14,,1,3,0,0,0,3,19,187,6,0,0,3,390,0,4,0,0,8,0,0,0,5,1,1,3,,,50,0,0,0,0,0,0,0,0,0,5,45
2009-07,1253,1196,0,0,0,391,99,3,86,3,,2,5,0,0,0,2,8,197,33,0,1,8,431,1,4,1,0,13,0,0,0,4,1,1,1,,,57,1,0,0,0,0,0,0,0,0,5,51
2009-08,1058,1018,3,0,0,409,96,1,76,12,,2,5,0,0,0,2,7,212,92,0,1,8,167,2,2,0,0,12,0,0,0,3,2,0,0,,,40,2,1,0,0,0,0,0,0,0,2,35
2009-09,955,923,0,0,0,410,94,2,68,20,,0,4,0,0,0,0,3,204,22,0,1,5,152,0,5,0,0,9,0,0,0,14,4,0,0,,,32,0,0,0,0,0,0,0,0,0,4,28
2009-10,820,797,0,0,0,339,87,1,63,16,,3,4,0,0,6,0,5,190,8,0,0,2,138,2,1,0,0,8,0,0,0,8,3,0,0,,,23,0,0,0,0,0,0,0,0,0,5,18
2009-11,983,968,0,0,0,339,65,1,53,9,,1,1,0,0,194,0,13,186,1,0,0,2,148,1,0,0,0,14,0,0,0,4,0,0,1,,,15,4,0,0,0,0,0,0,0,0,3,8
2009-12,1530,1505,0,0,0,433,125,3,98,16,,4,4,0,0,447,2,17,260,4,0,0,2,185,1,4,0,0,17,0,0,0,8,0,0,0,,,25,8,0,0,0,0,0,0,0,0,5,12
2010-01,818,800,0,0,0,301,78,1,57,15,,1,4,0,0,127,2,11,116,2,0,0,1,141,0,3,0,0,8,0,0,0,9,0,0,1,,,18,4,1,0,0,1,0,0,0,0,5,7
2010-02,691,674,0,0,0,389,72,0,61,4,,6,1,0,0,18,2,1,86,0,0,0,3,82,0,3,0,0,12,0,0,0,3,0,0,3,,,17,1,1,0,0,0,0,0,0,0,5,10
2010-03,1262,1218,0,0,0,767,91,0,71,12,,6,2,0,0,7,2,4,150,0,0,0,6,165,0,7,0,0,11,0,0,0,8,0,0,0,,,44,0,0,0,0,0,0,1,1,0,2,40
2010-04,1269,1089,0,0,0,698,79,0,59,13,,4,3,0,0,3,6,1,133,0,0,0,1,153,0,3,0,0,6,0,0,0,6,0,0,0,,,180,1,0,0,0,0,0,0,1,0,3,175
2010-05,1317,1124,0,0,0,765,61,2,44,7,,5,3,0,0,1,12,5,147,2,0,0,2,118,0,6,0,0,2,0,0,0,2,0,0,1,,,193,0,0,1,0,0,0,0,0,0,6,186
2010-06,1623,1437,1,0,0,990,80,0,57,15,,3,5,0,1,0,1,5,175,5,0,0,4,151,1,2,0,0,6,0,0,0,13,0,0,2,,,186,0,1,0,0,1,1,0,0,0,4,179
2010-07,1397,1251,0,0,0,768,73,2,56,9,,1,5,0,0,0,0,8,190,21,0,2,7,162,0,1,0,0,7,0,0,0,7,1,0,4,,,146,2,1,0,0,0,0,0,0,0,4,139
2010-08,1599,1535,0,0,0,1093,75,0,57,16,,0,2,0,0,0,0,6,181,22,0,1,8,125,0,0,0,0,10,0,0,0,11,2,0,1,,,64,0,0,0,0,0,0,0,0,0,3,61
2010-09,1399,1365,1,0,0,881,91,0,72,15,,1,3,0,0,0,1,1,197,22,0,1,4,148,0,2,0,0,7,0,0,1,6,2,0,0,,,34,0,0,0,0,0,0,0,0,0,2,32
2010-10,1254,1222,0,0,0,762,77,0,65,8,,3,1,0,0,0,0,13,201,8,0,1,2,129,0,2,1,0,10,0,0,0,7,7,0,2,,,32,0,0,0,0,1,0,0,0,0,4,27
2010-10,1547,1518,0,0,0,975,83,0,64,15,,1,3,0,0,0,1,32,208,4,0,1,0,197,1,2,0,0,8,0,0,0,5,0,0,1,,,29,1,1,0,0,0,0,0,0,0,7,20
2010-12,1680,1661,0,0,0,1142,77,1,60,13,,3,0,0,0,0,0,33,202,9,0,0,4,171,1,3,0,0,8,0,1,0,9,0,0,1,,,19,0,0,0,0,0,0,0,0,0,7,12
2011-01,1004,992,0,0,0,540,88,2,67,14,,5,0,0,0,15,1,17,159,2,0,0,1,145,0,4,0,0,9,0,0,1,7,0,0,3,,,12,0,1,0,0,1,0,0,0,0,4,6
2011-02,848,843,0,0,0,505,73,1,54,13,,4,1,0,0,46,0,6,87,3,0,0,2,101,0,1,0,0,5,0,0,0,9,1,0,4,,,5,0,0,0,0,0,0,0,0,0,2,3
2011-03,1487,1475,0,0,0,1059,82,2,65,8,,5,2,0,0,6,2,9,90,3,0,0,6,200,0,3,0,0,4,0,0,1,6,0,0,4,,,12,1,0,0,0,0,0,0,0,0,3,8
2011-04,1373,1326,0,0,0,932,74,1,58,9,,6,0,0,0,3,2,1,101,0,0,1,3,184,0,6,1,0,8,0,0,0,10,0,0,0,,,47,1,0,1,0,0,0,0,0,0,0,45
2011-05,1343,1270,0,0,0,792,83,2,68,8,,4,1,0,0,1,3,9,170,1,0,0,3,188,0,2,0,0,3,0,0,1,8,0,1,5,,,73,0,0,0,0,0,1,0,0,0,1,71
2011-06,1522,1422,0,0,0,1021,59,1,51,6,,1,0,0,0,0,1,9,172,0,0,0,3,135,0,2,0,0,6,0,0,0,10,0,0,4,,,100,1,1,0,0,0,0,0,0,0,1,97
2011-07,1419,1320,0,0,0,850,76,0,50,18,,5,3,0,0,2,1,8,177,12,0,0,5,170,0,0,0,0,4,1,0,0,0,12,0,2,,,99,0,2,1,0,0,0,0,0,0,5,91
2011-08,1493,1447,0,0,0,931,71,1,55,9,,3,3,0,0,0,2,5,215,31,0,1,0,177,0,0,0,0,5,0,0,0,6,0,0,3,,,46,0,0,0,0,0,0,0,0,0,2,44
2011-09,1390,1354,1,0,0,901,65,0,53,10,,1,1,1,0,0,0,2,193,15,0,0,1,155,1,0,0,0,4,0,0,0,11,2,0,2,,,36,0,0,0,0,0,0,0,0,0,2,34
2011-10,1360,1318,0,0,0,913,67,2,47,13,,3,2,0,0,0,0,11,147,1,0,0,2,162,1,1,0,0,1,0,0,0,8,1,0,3,,,42,0,0,0,0,0,0,0,0,0,4,38
2011-11,1562,1524,0,0,0,1071,79,1,61,11,,2,4,0,0,0,0,19,198,4,0,0,2,135,0,3,1,0,6,0,0,0,0,5,0,1,,,38,0,0,0,0,0,0,0,0,0,5,33
2011-12,1757,1715,0,0,0,1211,79,1,57,18,,2,1,0,1,0,0,31,193,1,0,1,0,178,0,3,0,0,4,0,0,0,10,1,1,1,,,42,0,0,0,1,0,0,0,0,0,5,36
2012-01,793,783,0,0,0,467,72,0,58,9,,2,3,0,1,0,1,11,114,1,0,0,1,90,2,3,0,0,8,0,0,0,10,0,0,2,,,10,2,0,0,0,0,0,0,0,0,2,6
2012-02,1246,1231,0,0,0,902,60,0,46,8,,2,4,0,0,0,0,5,82,4,0,0,0,160,0,4,0,0,2,0,0,0,11,0,0,1,,,15,2,0,0,0,0,0,0,1,0,1,11
2012-03,1358,1334,0,0,0,961,67,1,54,6,,3,3,0,0,1,0,5,92,0,0,0,1,174,0,6,0,0,8,0,0,1,16,0,0,2,,,24,1,1,0,0,0,0,0,0,0,4,18
2012-04,1235,1158,0,0,0,816,68,2,54,5,,5,2,0,0,0,1,0,88,0,0,0,2,169,0,1,0,0,4,0,1,0,8,0,0,0,,,77,0,0,0,0,0,0,0,0,0,0,77
2012-05,1575,1441,0,0,0,1093,71,0,56,12,,2,1,0,0,0,3,6,86,1,0,0,0,168,0,1,0,0,4,1,0,0,4,0,0,3,,,134,1,0,0,0,1,0,0,0,0,0,132
2012-06,1786,1672,0,0,0,1339,60,0,50,8,,0,2,0,0,0,0,6,97,5,0,0,2,142,0,2,0,0,5,0,0,0,9,1,3,1,,,114,0,0,0,0,0,0,0,0,0,2,112
2012-07,1669,1591,0,0,0,1173,68,1,48,15,,3,1,0,0,0,2,2,134,13,0,0,2,177,1,2,1,0,4,1,0,0,8,1,2,0,,,78,0,0,0,0,0,0,0,0,0,3,75
2012-08,1379,1338,0,0,0,955,62,1,48,11,,2,0,0,0,0,0,3,122,19,0,0,1,161,1,2,0,0,6,0,0,0,5,0,0,1,,,41,0,0,0,0,0,0,0,0,0,3,38
2012-09,1656,1624,1,0,0,1162,82,2,65,12,,3,0,0,0,0,0,2,150,8,0,1,4,198,1,2,0,0,1,0,0,0,10,2,0,0,,,32,3,0,0,0,9,0,9,0,0,0,29
2012-10,1454,1415,0,0,0,1011,66,0,55,10,,1,0,0,0,1,0,10,133,8,0,0,2,168,0,1,0,0,6,0,1,0,7,1,0,0,,,39,1,0,0,0,0,0,1,0,0,2,35
2012-11,1794,1774,0,0,0,1376,59,1,47,9,,1,1,0,0,0,0,25,139,1,0,0,1,157,0,0,0,0,6,0,0,0,10,0,0,0,,,20,0,0,1,0,0,0,0,0,0,2,17
2012-12,1673,1650,0,0,0,1228,71,1,57,5,,2,6,0,0,1,0,24,135,7,0,0,1,171,1,0,0,0,3,0,0,0,4,0,0,4,,,23,1,0,0,0,1,0,0,0,0,2,19
2013-01,1167,1147,0,0,0,703,96,0,68,22,,4,2,0,0,9,3,22,117,3,0,0,0,170,0,2,0,0,8,1,0,0,8,0,0,5,,,20,4,0,0,0,1,0,0,0,0,3,12
2013-02,864,853,0,0,0,566,62,0,47,12,,2,1,0,2,7,3,1,56,2,0,0,1,141,1,1,0,0,2,0,0,0,5,0,0,3,,,11,2,0,0,0,0,0,0,0,0,1,8
2013-03,1360,1344,0,0,0,989,56,0,41,10,,2,3,0,0,3,8,7,80,3,0,0,0,181,2,5,0,0,2,0,0,0,8,0,0,0,,,16,1,0,0,0,0,0,1,0,0,2,12
2013-04,1260,1229,0,0,0,923,58,0,41,15,,1,1,0,0,15,6,8,68,0,0,1,2,128,0,5,0,0,3,0,0,0,8,0,0,4,,,31,1,0,0,0,0,0,0,1,0,4,25
2013-05,1526,1475,0,0,0,1098,77,0,55,17,,1,4,0,0,4,3,7,87,1,0,0,1,179,0,2,0,0,7,0,0,0,6,0,0,3,,,51,4,0,0,0,0,0,0,0,0,1,46
2013-06,1336,1278,0,0,0,966,68,1,51,16,,0,0,0,0,2,4,8,82,5,0,0,3,125,1,2,0,0,5,0,1,0,4,0,1,1,,,58,0,1,0,0,1,0,0,0,0,3,53
2013-07,1426,1384,0,1,0,991,64,2,50,8,,3,1,0,0,1,1,7,99,11,0,0,0,189,0,1,0,0,6,0,0,0,8,1,0,4,,,42,0,0,0,0,1,0,0,0,0,1,40
2013-08,1497,1478,0,0,0,1102,74,1,59,12,,1,1,0,0,0,0,2,104,16,0,0,1,161,1,0,0,0,7,0,1,1,7,1,0,0,,,19,0,0,0,0,0,0,0,0,0,4,15
2013-09,1478,1458,0,0,0,1084,50,0,38,8,,3,1,0,0,0,0,8,128,18,0,0,1,161,0,0,0,0,0,0,0,0,4,4,0,0,,,20,1,1,0,0,0,0,0,0,0,4,14
2013-10,1272,1262,0,0,0,915,55,0,39,16,,0,0,0,0,0,0,14,110,7,0,0,0,145,0,1,0,0,5,0,0,0,9,0,0,1,,,10,0,1,0,0,0,0,0,0,0,1,8
2013-11,1393,1373,0,0,0,1055,59,0,40,13,,2,4,0,0,,0,23,89,6,0,0,3,129,0,1,0,0,1,0,0,0,6,0,0,0,1,,20,0,0,0,0,1,0,0,0,0,3,16
2013-12,1764,1743,0,0,0,1336,80,0,64,14,,1,1,0,0,,0,12,112,5,0,0,2,178,0,2,0,0,3,2,0,0,9,1,0,1,0,,21,5,1,0,0,0,0,0,0,0,4,11
2014-01,1157,1136,0,0,0,739,67,0,48,16,,2,1,0,0,,2,15,108,2,0,0,0,155,0,4,0,0,1,0,0,0,11,0,0,1,31,,21,14,1,0,0,0,0,0,0,0,3,3
2014-02,1132,1104,0,0,0,814,51,0,32,16,,2,1,0,0,,2,3,44,1,0,0,0,136,0,3,0,0,1,0,0,0,4,0,0,4,41,,28,19,0,0,0,0,0,0,0,0,2,7
2014-03,1366,1323,0,0,0,1011,54,0,38,9,,3,4,0,0,,4,4,57,1,0,0,1,153,0,2,0,0,1,0,0,0,10,0,0,1,24,,43,7,0,0,0,0,0,0,0,0,2,34
2014-04,1281,1207,0,0,0,883,58,2,41,11,,3,1,0,0,,4,3,53,3,0,0,0,183,0,1,0,0,2,0,1,0,3,0,0,0,13,,74,1,1,0,0,0,0,0,0,0,2,70
2014-05,1428,1309,0,0,0,1035,32,1,22,8,,1,0,0,0,,3,7,48,1,0,0,1,159,0,2,0,0,1,0,0,1,10,0,0,3,6,,119,2,0,0,0,0,0,1,0,0,2,114
2014-06,1397,1287,0,0,0,1004,44,1,36,6,,0,1,0,0,,6,5,63,0,0,0,0,144,0,2,0,0,0,0,0,0,8,0,0,5,6,,110,0,0,0,0,0,1,0,0,0,3,106
2014-07,1374,1294,1,0,0,979,48,0,32,13,,1,2,0,0,,3,1,84,11,0,1,1,148,0,0,0,0,2,0,0,0,10,0,0,2,3,,80,0,0,0,0,0,0,0,0,0,7,73
2014-08,1280,1249,0,0,0,943,53,2,34,15,,0,2,0,0,,0,2,79,9,0,2,0,148,0,0,1,0,1,0,0,0,9,0,0,2,0,,31,0,1,0,0,0,0,0,0,0,0,30
2014-09,1477,1450,0,0,0,1136,28,1,19,7,,0,1,0,0,,2,9,97,6,4,0,0,151,0,0,0,0,2,0,1,0,7,4,0,1,2,,27,0,0,0,0,0,0,0,0,0,0,27
2014-10,1448,1423,2,0,0,1148,42,0,29,12,,1,0,0,0,,0,8,83,2,2,0,2,124,1,0,0,0,1,0,0,0,5,2,0,1,0,,25,1,0,0,0,0,0,0,0,0,3,21
2014-11,1523,1507,0,0,0,1215,50,0,36,13,,1,0,0,0,,0,18,79,0,0,0,0,130,0,1,1,0,1,0,0,0,5,1,0,2,4,,16,1,0,0,0,0,0,0,0,0,2,13
2014-12,1710,1695,0,0,0,1410,41,1,31,8,,1,0,0,0,,1,10,78,0,0,0,0,141,0,0,0,0,1,0,0,2,5,1,0,1,4,,15,1,1,0,0,0,0,0,0,0,3,10
2015-01,1271,1261,0,0,0,886,61,1,43,13,,2,2,0,1,,5,9,95,3,0,0,1,156,0,4,0,0,2,0,0,0,6,0,0,4,28,,10,0,0,0,0,0,0,0,0,0,3,7
2015-02,855,849,0,0,0,624,25,0,17,5,,2,1,0,1,,6,2,52,0,0,0,1,99,0,3,0,0,0,0,0,0,6,0,0,3,27,,6,0,0,0,0,0,0,0,0,0,3,3
2015-03,1454,1447,0,0,0,1166,30,0,20,9,,1,0,0,1,,2,7,41,0,0,0,0,168,0,1,0,0,2,0,0,0,11,0,0,0,18,,7,1,0,1,0,0,0,0,0,0,1,4
2015-04,1218,1200,0,0,0,921,30,0,25,5,,0,0,0,1,,7,9,44,1,0,0,0,168,0,1,0,0,2,1,0,0,5,0,0,2,8,,18,1,0,0,0,0,0,0,0,0,2,15
2015-05,1363,1335,0,0,0,1117,29,1,22,4,,2,0,0,1,,0,5,44,0,0,0,2,119,0,1,0,0,0,0,1,0,10,0,0,0,6,,28,1,0,0,0,0,0,0,0,0,1,26
2015-06,1487,1456,0,0,0,1190,44,2,26,15,,1,0,0,0,,1,3,72,2,0,0,1,127,1,0,0,0,1,0,0,0,6,1,0,3,4,,31,3,0,0,0,0,0,0,0,0,0,28
2015-07,1277,1258,0,0,0,989,28,1,23,2,,1,1,0,1,,3,3,68,2,0,0,3,152,0,0,0,0,2,0,1,0,6,0,0,0,0,,19,1,0,0,0,0,0,0,1,0,3,14
2015-08,1369,1360,0,0,0,1085,52,0,43,8,,0,1,0,0,,2,1,78,6,0,0,1,127,0,0,0,0,1,0,0,0,5,0,0,2,0,,9,0,0,0,0,0,1,0,0,0,2,6
2015-09,1433,1424,0,0,0,1172,36,2,23,10,,1,0,0,0,,0,1,55,4,0,0,0,148,0,1,0,0,1,0,0,0,3,0,0,3,0,,9,0,0,0,0,0,0,0,0,0,5,4
2015-10,1276,1268,0,0,0,1006,51,0,41,9,,0,1,0,0,,0,6,48,4,0,0,0,147,0,0,0,0,3,0,0,0,3,0,0,0,0,,8,0,0,0,0,0,0,0,0,0,1,7
2015-11,1639,1634,0,0,0,1352,39,1,30,8,,0,0,0,0,,5,9,82,1,0,0,0,134,0,2,1,0,1,0,0,0,6,0,0,1,1,,5,1,0,0,0,0,0,0,0,0,0,4
2015-12,1858,1846,0,0,0,1500,56,4,40,10,,2,0,0,0,,3,8,91,1,0,1,0,173,0,0,0,0,1,0,0,1,6,0,0,2,3,,12,1,0,0,0,0,0,0,0,0,5,6
2016-01,1224,1209,0,0,0,937,56,2,40,13,0,1,0,0,0,,2,6,51,2,0,0,0,133,0,1,1,0,2,0,0,0,10,0,0,3,5,,15,6,0,0,0,1,0,0,0,0,6,2
2016-02,1076,1049,0,0,0,818,44,0,29,13,0,2,0,0,1,,3,0,39,0,1,0,0,122,1,0,0,0,0,0,0,0,3,0,0,2,15,,27,22,0,0,0,0,0,1,0,0,1,3
2016-03,1544,1522,0,0,0,1236,59,1,41,12,0,5,0,0,0,,5,5,33,0,0,0,1,167,0,4,0,0,0,0,0,0,3,0,0,2,7,,22,13,0,0,0,0,0,0,1,0,2,6
2016-04,1285,1259,0,0,0,1023,42,0,30,12,0,0,0,0,0,,3,2,24,0,0,0,0,148,0,2,1,0,0,0,0,1,6,0,0,0,7,,26,8,0,0,0,0,0,0,1,0,1,16
2016-05,1559,1511,0,0,0,1256,39,1,29,7,0,2,0,0,1,,2,4,52,1,0,1,0,150,0,1,0,0,1,0,0,0,1,0,0,1,1,,48,5,0,0,0,0,0,0,0,0,0,43
2016-06,1564,1518,0,0,0,1238,37,1,30,5,0,0,1,0,0,,1,3,41,2,0,0,0,176,0,2,0,0,0,0,1,0,8,1,0,3,5,,46,0,0,0,0,0,0,0,0,0,1,45
2016-07,1466,1435,0,0,0,1162,49,0,38,10,0,1,0,0,0,,0,2,50,0,0,0,1,163,0,0,1,0,0,0,1,0,5,0,0,0,1,,31,1,0,0,0,0,0,0,0,0,1,29
2016-08,1435,1408,0,0,0,1147,61,0,44,13,0,3,1,0,0,,1,1,52,8,0,1,1,128,0,0,0,0,0,0,0,0,6,0,0,2,0,,27,1,2,0,0,0,0,0,0,0,3,21
2016-09,1512,1500,0,0,0,181,50,0,41,6,0,2,1,0,0,,0,2,62,15,0,0,0,176,1,0,0,0,0,0,1,0,9,0,0,2,1,,12,0,0,0,0,0,1,0,0,0,2,9
2016-10,1489,1476,0,0,0,1179,47,0,38,7,0,1,1,0,0,,0,7,58,11,0,0,1,164,0,1,0,0,0,0,0,0,6,0,0,1,1,,13,0,0,0,0,0,0,0,0,0,2,11
2016-11,1876,1868,0,0,0,1578,37,1,28,7,0,1,0,0,0,,0,8,58,7,0,0,0,171,0,0,1,0,0,0,0,0,8,0,0,0,0,,8,1,0,0,0,0,0,0,0,0,0,7
2016-12,1880,1864,0,0,0,1535,49,0,42,6,0,0,1,0,0,,2,9,69,6,0,0,2,160,0,0,0,0,2,0,0,0,10,0,0,0,20,,16,3,0,0,0,0,0,0,0,0,4,9
2017-01,1121,1108,0,0,0,783,35,0,23,10,0,2,0,0,0,,1,3,51,1,0,0,0,149,0,0,0,0,0,0,0,0,5,0,0,1,79,,13,6,0,0,0,0,0,0,0,0,2,5
2017-02,1409,1397,0,0,0,1097,46,0,37,8,0,1,0,0,0,,0,1,39,3,0,0,0,142,0,2,0,0,1,0,0,0,4,0,0,1,61,,12,6,0,0,0,0,0,0,0,0,4,2
2017-03,1589,1579,0,0,0,1218,59,0,35,21,0,3,0,0,0,,1,4,27,4,0,0,0,212,0,2,0,0,0,0,1,0,4,0,0,0,47,,10,5,0,0,0,0,0,0,0,0,1,4
2017-04,1306,1294,0,0,0,1020,31,1,19,8,0,2,1,0,0,,1,3,31,1,0,0,1,177,0,0,0,0,0,0,0,0,5,0,0,0,24,,12,4,0,0,0,0,0,0,0,0,0,8
2017-05,1563,1531,0,0,0,1196,49,0,38,10,0,1,0,0,0,,0,2,45,1,0,0,0,191,1,1,0,0,0,0,0,0,7,0,0,1,37,,32,2,0,0,0,0,0,0,0,0,2,28
2017-06,1664,1630,0,0,0,1325,49,0,41,6,0,2,0,0,0,,1,2,56,0,0,2,0,175,3,0,0,0,0,0,0,0,4,0,0,0,13,,34,2,0,0,0,0,0,0,0,0,2,30
2017-07,1470,1458,0,0,0,1160,56,0,42,12,0,2,0,0,0,,0,3,38,0,0,0,0,185,0,2,0,0,0,0,1,0,9,0,0,2,2,,12,1,1,0,0,0,0,0,0,0,1,9
2017-08,1796,1786,0,0,0,1413,56,0,46,9,0,1,0,0,0,,0,1,36,36,0,0,1,218,0,1,0,0,0,0,0,0,19,0,0,0,5,,10,1,0,0,0,0,0,0,0,0,2,7
2017-09,1826,1820,0,0,0,1495,58,0,45,12,0,1,0,0,0,,1,0,52,32,0,0,0,171,0,2,0,0,0,0,1,0,8,0,0,0,0,,6,1,0,0,0,0,0,0,0,0,1,4
2017-10,1638,1634,0,0,0,1350,60,0,41,16,0,3,0,0,0,,0,8,34,8,1,0,0,169,0,0,0,0,0,0,0,0,3,0,0,1,0,,4,0,0,0,0,0,0,0,0,0,3,1
2017-11,1958,1951,0,0,0,1632,60,1,45,10,0,3,1,0,0,,0,12,47,2,0,0,1,188,0,1,0,0,2,0,0,0,5,0,0,0,1,,7,5,0,0,0,0,0,0,0,0,2,0
2017-12,2198,2188,1,0,0,1834,59,2,43,7,0,6,1,0,0,,0,22,48,0,1,2,0,204,1,6,0,0,0,0,0,1,9,0,0,0,0,,10,5,0,0,0,0,0,0,0,0,5,0
2018-01,1692,1628,0,0,0,1283,54,0,36,17,0,1,0,0,0,,1,14,55,4,0,0,1,204,0,2,0,0,0,0,0,1,8,0,0,1,0,,64,56,0,0,0,0,0,0,0,0,5,3
2018-02,1037,982,0,0,0,749,60,1,47,11,0,1,0,0,0,,0,2,31,2,0,0,0,135,0,0,0,0,0,0,0,0,2,0,0,0,1,,55,50,1,0,0,0,0,0,0,0,3,1
2018-03,1720,1705,0,0,0,1454,42,0,34,6,0,2,0,0,0,,0,2,21,1,0,0,1,178,0,1,0,0,0,0,0,0,4,0,0,0,1,,15,13,0,0,0,0,0,0,0,0,2,0
2018-04,1424,1415,0,0,0,1159,47,1,34,12,0,0,0,0,0,,0,5,32,0,0,1,0,162,0,2,0,0,1,0,0,0,5,0,0,1,0,,9,3,0,0,0,0,0,0,0,0,2,4
2018-05,1696,1691,0,0,0,1412,45,0,37,7,0,1,0,0,0,,0,6,30,3,0,0,1,182,0,2,1,0,0,0,0,0,8,0,0,1,0,,5,0,0,0,0,0,0,0,0,0,0,5
2018-06,1744,1731,0,0,0,1467,59,1,46,6,0,4,2,0,0,,0,4,28,1,0,0,0,163,1,0,0,0,0,0,0,0,7,0,0,1,0,,13,1,0,0,0,0,0,0,0,0,3,9
2018-07,1833,1828,0,0,0,1530,52,0,37,14,0,1,0,0,0,,0,5,24,9,0,0,0,197,0,0,0,0,1,0,2,0,6,0,0,2,0,,5,0,0,0,0,0,0,0,0,0,1,4
2018-08,1983,1976,0,0,0,1645,45,0,35,9,0,1,0,0,0,,0,1,36,55,0,2,0,185,0,2,0,0,0,0,0,0,5,0,0,0,0,,7,1,0,0,0,0,0,0,0,0,1,5
2018-09,2027,2025,0,0,0,1698,49,0,38,10,0,1,0,0,0,,0,4,37,36,0,0,1,195,0,1,0,0,0,0,0,0,3,0,0,1,0,,2,1,0,0,0,0,0,0,0,0,0,1
2018-10,2138,2130,0,0,0,1799,45,0,37,6,0,2,0,0,0,,0,7,39,11,0,0,0,224,0,1,0,0,0,0,0,0,4,0,0,0,0,,8,2,0,0,0,0,0,0,0,0,3,3
2018-11,2826,2819,0,0,0,2467,60,1,49,9,0,1,0,0,0,,0,33,47,9,0,0,0,197,0,1,1,0,0,0,0,0,4,0,0,0,0,,7,4,0,0,0,0,0,0,0,0,3,0
2018-12,2804,2788,0,0,0,2444,48,0,40,8,0,0,0,0,0,,0,17,46,9,1,0,0,214,1,0,0,0,1,0,1,0,4,1,0,1,0,,16,13,0,0,0,0,0,0,0,0,2,1
2019-01,1901,1756,0,0,0,1423,68,0,55,11,0,2,0,0,0,,0,8,33,4,0,1,0,208,0,0,0,0,1,0,0,0,7,0,0,3,0,,145,143,0,0,0,0,0,0,0,0,1,1
2019-02,1578,1486,0,0,0,1216,40,0,31,8,0,1,0,0,0,,0,3,22,6,0,0,0,194,0,0,0,0,1,0,0,0,2,0,0,2,0,,92,86,0,0,0,0,0,0,2,0,3,1
2019-03,1859,1827,0,0,0,1552,53,1,38,11,0,2,1,0,0,,0,0,12,8,0,0,0,194,0,0,1,0,1,0,0,0,4,0,0,2,0,,32,31,0,0,0,0,0,0,0,0,1,0
2019-04,2005,1989,0,0,0,1658,57,0,45,11,0,1,0,0,0,,0,3,19,26,0,0,0,215,0,0,0,0,0,0,0,0,8,0,0,2,1,,16,13,0,0,0,0,0,0,0,0,1,2
2019-05,2022,2014,0,0,0,1771,47,0,38,8,0,1,0,0,0,,0,1,12,1,0,0,0,171,0,2,0,0,0,0,0,1,7,0,0,1,0,,8,3,0,0,0,0,0,0,1,0,2,2
2019-06,2118,2105,0,0,0,1863,56,1,37,14,0,3,1,0,0,,0,1,26,3,0,0,0,154,0,1,0,0,0,0,0,0,1,0,0,0,0,,13,3,0,1,0,0,0,0,0,0,2,7
2019-07,2260,2253,0,0,0,1971,51,1,40,9,0,0,1,0,0,,0,4,28,0,0,0,1,190,1,0,1,0,1,0,0,0,3,2,0,0,0,,7,1,0,0,0,0,0,0,0,0,2,4
2019-08,2013,2006,0,0,0,1726,53,0,40,13,0,0,0,0,0,,0,1,37,3,0,1,0,179,0,1,0,0,0,0,0,0,3,0,0,2,0,,7,0,0,0,1,1,0,0,0,0,3,2
2019-09,2000,1997,1,0,0,1732,51,1,41,6,0,3,0,0,0,,0,3,29,2,0,0,0,170,0,1,0,0,0,0,0,0,8,0,0,0,0,,3,0,0,0,0,0,0,0,0,0,2,1
2019-10,2147,2145,0,0,0,1901,47,0,35,11,0,0,1,0,0,,0,1,23,4,2,0,0,156,0,0,0,0,2,0,1,0,8,0,0,0,0,,2,1,0,0,0,0,0,0,0,0,1,0
2019-11,2531,2522,0,0,0,2245,53,0,45,5,0,2,1,0,0,,0,13,22,1,1,0,0,177,0,0,0,0,0,0,0,1,7,0,0,2,0,,9,5,0,0,0,0,0,0,1,0,3,0
2019-12,2636,2618,0,0,0,2284,54,1,43,7,0,1,2,0,0,,0,7,30,1,0,0,0,230,0,1,1,0,0,0,1,0,4,1,0,4,0,,18,16,0,0,0,0,0,0,0,0,1,1
2020-01,1629,1515,1,0,0,952,100,1,80,17,0,1,1,0,0,,0,3,19,1,0,0,3,142,0,2,0,0,0,1,1,4,25,0,0,2,0,259,114,108,4,0,0,0,0,0,0,0,1,1
2020-02,3781,3755,0,0,0,971,50,0,37,12,0,1,0,0,0,,0,1,13,0,0,0,0,96,1,0,0,0,0,0,0,0,9,0,1,2,0,2611,26,22,1,0,2,0,0,0,0,0,1,0
2020-03,2024,2019,0,0,0,1418,39,0,31,6,0,1,1,0,0,,0,2,9,2,0,0,0,97,1,0,0,0,0,0,0,0,8,0,0,1,0,442,5,4,0,0,0,0,0,0,0,0,1,0
2020-04,1780,1778,0,0,0,1587,37,0,36,1,0,0,0,0,0,,0,1,15,0,0,0,0,96,0,0,0,0,0,0,0,0,11,0,0,0,0,31,2,1,0,0,0,0,0,0,0,0,1,0
2020-05,1783,1781,0,0,0,1596,43,0,35,8,0,0,0,0,0,,0,2,9,0,0,0,0,123,0,0,0,0,0,0,0,1,6,0,0,0,0,1,2,2,0,0,0,0,0,0,0,0,0,0
2020-06,2019,2017,0,0,0,1811,50,1,36,11,0,1,1,0,0,,0,6,10,0,0,0,0,134,0,0,1,0,0,0,0,0,5,0,0,0,0,0,2,0,0,0,0,0,0,0,0,0,2,0
2020-07,1930,1927,0,0,0,1700,56,0,46,8,0,2,0,0,0,,0,4,11,1,0,0,0,146,1,0,0,0,0,0,0,1,6,1,0,0,0,0,3,1,0,0,0,0,0,0,0,0,2,0
2020-08,1766,1763,2,0,0,1560,42,0,30,11,0,0,1,0,0,,0,2,15,2,0,0,0,131,0,0,0,0,0,0,0,0,9,0,0,0,0,0,3,0,0,0,0,0,0,0,0,0,2,1
2020-09,2294,2291,0,0,0,2019,69,1,53,13,0,1,1,0,0,,0,1,13,3,0,0,0,175,0,0,0,0,1,1,0,0,6,3,0,0,0,0,3,0,0,0,0,0,0,0,0,0,3,0
2020-10,1739,1737,0,0,0,1522,46,0,33,11,0,2,0,0,0,,0,6,16,2,0,0,0,128,0,0,0,0,0,0,1,0,10,4,0,2,0,0,2,1,0,0,0,0,0,0,0,0,0,1
2020-11,1968,1963,0,0,0,1738,55,0,37,16,0,1,1,0,0,,0,14,20,0,0,0,0,126,2,0,0,0,0,0,0,0,7,1,0,0,0,0,5,1,0,0,0,0,0,1,1,0,1,1
2020-12,2379,2377,0,0,0,2105,64,0,52,10,0,2,0,0,0,,0,9,29,1,0,0,0,161,1,1,0,0,0,0,0,0,6,0,0,0,0,0,2,1,0,0,0,0,0,0,1,0,0,0
2021-01,1476,1473,0,0,0,1250,54,0,44,9,0,1,0,0,0,,0,3,25,0,0,0,0,137,0,1,0,0,0,0,0,0,1,0,0,0,0,2,3,1,0,0,0,0,0,0,0,0,1,1
2021-02,1165,1163,0,0,0,1052,36,0,30,6,0,0,0,0,0,,0,1,10,0,0,0,1,56,0,1,1,0,0,0,0,0,5,0,0,0,0,0,2,1,0,0,0,0,0,0,0,0,0,1
2021-03,1899,1898,0,0,0,1710,57,1,43,13,0,0,0,0,0,,0,1,12,0,0,0,0,109,0,2,0,0,1,0,1,0,5,0,0,0,0,0,1,0,0,0,0,0,0,0,0,0,1,0
2021-04,1549,1548,0,0,0,1363,38,0,32,4,0,2,0,0,0,,0,2,21,0,0,0,1,117,0,1,0,0,0,0,1,0,4,0,0,0,0,0,1,0,0,0,0,0,0,0,0,0,0,1
2021-05,1531,1529,0,0,0,1352,49,0,38,8,0,3,0,0,0,,0,8,9,0,0,0,2,102,0,0,1,0,0,0,1,0,5,0,0,0,0,0,2,0,0,0,0,0,0,0,0,0,0,2
2021-06,1730,1727,0,0,0,1554,46,0,39,7,0,0,0,0,0,,0,5,15,1,0,0,0,104,0,0,0,0,0,0,0,0,2,0,0,0,0,0,3,0,1,0,0,0,0,0,0,0,0,2
2021-07,1882,1881,0,0,0,1675,46,0,34,11,0,0,1,0,0,,0,1,13,1,0,1,0,131,0,0,0,0,0,0,2,0,9,0,0,2,0,0,1,0,0,0,0,0,0,0,1,0,0,0
2021-08,2077,2077,0,0,0,1874,62,0,51,9,0,2,0,0,0,,0,2,8,1,0,1,0,120,1,0,0,0,0,0,0,1,7,0,0,0,0,0,0,0,0,0,0,0,0,0,0,0,0,0
2021-09,2172,2172,0,0,0,1963,58,1,49,6,0,2,0,0,0,,0,0,14,1,0,0,0,124,0,0,0,0,0,0,1,0,9,2,0,0,0,0,0,0,0,0,0,0,0,0,0,0,0,0
2021-10,2040,2039,0,0,0,1849,43,0,33,10,0,0,0,0,0,,0,5,10,1,0,0,0,126,1,0,0,0,0,0,0,1,2,1,0,0,0,0,1,1,0,0,0,0,0,0,0,0,0,0
2021-11,2321,2320,0,0,0,2131,35,0,22,10,0,2,1,0,0,,0,12,9,1,0,0,0,128,0,0,0,0,0,0,0,0,4,0,0,0,0,0,1,0,0,0,0,0,0,0,0,0,1,0
2021-12,2767,2763,0,0,0,2486,57,0,42,11,0,3,1,0,0,,0,26,20,0,0,0,1,168,0,0,0,0,0,0,0,0,3,1,0,1,0,0,4,2,0,0,0,1,0,0,0,0,0,1
2022-01,1685,1678,0,0,0,1294,54,0,38,14,0,2,0,0,0,,0,6,14,0,0,0,0,304,0,0,0,0,0,0,0,1,5,0,0,0,0,0,7,5,0,0,0,0,0,0,0,0,1,1
2022-02,1614,1611,0,0,0,1252,37,0,29,8,0,0,0,0,0,,0,0,4,0,0,0,0,313,1,0,0,0,0,0,0,0,4,0,0,0,0,0,3,1,0,0,0,0,0,1,0,0,0,1
2022-03,2036,2034,0,0,0,1655,47,0,38,9,0,0,0,0,0,,0,2,6,0,0,0,0,312,0,2,1,0,0,0,1,0,6,0,0,0,0,2,2,1,0,1,0,0,0,0,0,0,0,0
2022-04,2200,2200,0,0,0,1387,39,0,28,10,0,1,0,0,0,,0,2,5,0,0,0,0,341,0,0,0,0,0,0,0,1,3,0,0,0,0,422,0,0,0,0,0,0,0,0,0,0,0,0
2022-05,2002,2001,0,0,0,1466,38,0,25,13,0,0,0,0,0,,0,4,8,0,0,0,0,316,0,1,1,0,0,0,0,0,0,0,0,1,0,166,1,0,0,0,0,0,0,0,0,0,1,0
2022-06,2066,2060,0,0,0,1647,51,0,35,15,0,0,1,0,0,,0,6,6,0,0,0,0,345,0,1,0,0,0,0,0,0,4,0,0,0,0,0,6,4,0,0,0,0,0,0,0,0,1,1
2022-07,2003,1996,0,0,0,1562,43,0,23,18,0,1,1,0,0,,0,3,12,1,0,0,0,367,0,0,0,0,0,0,0,1,6,0,0,1,0,0,7,4,0,0,0,0,0,0,0,0,1,2
2022-08,2568,2565,0,0,0,2106,74,1,26,45,0,2,0,0,0,,0,1,11,0,0,2,0,365,0,0,0,0,1,0,1,0,4,0,0,0,0,0,3,3,0,0,0,0,0,0,0,0,0,0
2022-09,2292,2289,1,0,0,1847,72,1,35,35,0,0,1,0,0,,0,0,8,1,0,0,0,347,0,0,0,0,0,0,0,0,9,2,0,2,0,0,3,0,0,0,0,0,0,0,0,0,2,1
2022-10,1937,1936,0,0,0,1549,71,0,33,36,0,2,0,0,0,,0,2,6,0,0,0,0,304,1,0,0,0,0,0,0,1,2,0,0,0,0,0,1,1,0,0,0,0,0,0,0,0,0,0
2022-11,1870,1870,0,0,0,1458,53,0,32,20,0,1,0,0,0,,0,5,8,1,0,0,1,333,0,1,0,0,0,0,0,0,3,0,0,0,0,7,0,0,0,0,0,0,0,0,0,0,0,0
2022-12,2384,2384,0,0,0,1987,51,0,24,26,0,1,0,0,0,,0,4,20,0,0,0,0,316,0,0,0,0,0,0,0,0,4,0,0,2,0,,0,0,0,0,0,0,0,0,0,0,0,0
